utc	lux	lux_last_changed	lamp	brightness
2026-09-08T15:23:40Z	145.0	2026-09-08T15:22:20.453463+00:00	on	255
2026-09-08T15:24:10Z	145.0	2026-09-08T15:22:20.453463+00:00	on	255
2026-09-08T15:24:40Z	145.0	2026-09-08T15:22:20.453463+00:00	on	255
2026-09-08T15:25:10Z	145.0	2026-09-08T15:22:20.453463+00:00	on	255
2026-09-08T15:25:40Z	145.0	2026-09-08T15:22:20.453463+00:00	on	255
2026-09-08T15:26:10Z	145.0	2026-09-08T15:22:20.453463+00:00	on	255
2026-09-08T15:26:40Z	145.0	2026-09-08T15:22:20.453463+00:00	on	255
2026-09-08T15:27:10Z	145.0	2026-09-08T15:22:20.453463+00:00	on	255
2026-09-08T15:27:40Z	145.0	2026-09-08T15:22:20.453463+00:00	on	255
2026-09-08T15:28:10Z	145.0	2026-09-08T15:22:20.453463+00:00	on	255
2026-09-08T15:28:40Z	145.0	2026-09-08T15:22:20.453463+00:00	on	255
2026-09-08T15:29:10Z	145.0	2026-09-08T15:22:20.453463+00:00	on	255
2026-09-08T15:29:41Z	145.0	2026-09-08T15:22:20.453463+00:00	on	255
2026-09-08T15:30:11Z	145.0	2026-09-08T15:22:20.453463+00:00	on	255
2026-09-08T15:30:41Z	145.0	2026-09-08T15:22:20.453463+00:00	on	255
2026-09-08T15:31:11Z	145.0	2026-09-08T15:22:20.453463+00:00	on	255
2026-09-08T15:31:41Z	145.0	2026-09-08T15:22:20.453463+00:00	on	255
2026-09-08T15:32:11Z	145.0	2026-09-08T15:22:20.453463+00:00	on	255
2026-09-08T15:32:41Z	145.0	2026-09-08T15:22:20.453463+00:00	on	255
2026-09-08T15:33:11Z	145.0	2026-09-08T15:22:20.453463+00:00	on	255
2026-09-08T15:33:41Z	145.0	2026-09-08T15:22:20.453463+00:00	on	255
2026-09-08T15:34:11Z	145.0	2026-09-08T15:22:20.453463+00:00	on	255
2026-09-08T15:34:41Z	145.0	2026-09-08T15:22:20.453463+00:00	on	255
2026-09-08T15:35:11Z	145.0	2026-09-08T15:22:20.453463+00:00	on	255
2026-09-08T15:35:41Z	145.0	2026-09-08T15:22:20.453463+00:00	on	255
2026-09-08T15:36:11Z	145.0	2026-09-08T15:22:20.453463+00:00	on	255
2026-09-08T15:36:41Z	145.0	2026-09-08T15:22:20.453463+00:00	on	255
2026-09-08T15:37:12Z	145.0	2026-09-08T15:22:20.453463+00:00	on	255
2026-09-08T15:37:42Z	145.0	2026-09-08T15:22:20.453463+00:00	on	255
2026-09-08T15:38:12Z	145.0	2026-09-08T15:22:20.453463+00:00	on	255
2026-09-08T15:38:42Z	145.0	2026-09-08T15:22:20.453463+00:00	on	255
2026-09-08T15:39:12Z	145.0	2026-09-08T15:22:20.453463+00:00	on	255
2026-09-08T15:39:42Z	145.0	2026-09-08T15:22:20.453463+00:00	on	255
2026-09-08T15:40:12Z	145.0	2026-09-08T15:22:20.453463+00:00	on	255
2026-09-08T15:40:42Z	145.0	2026-09-08T15:22:20.453463+00:00	on	255
2026-09-08T15:41:12Z	145.0	2026-09-08T15:22:20.453463+00:00	on	255
2026-09-08T15:41:42Z	145.0	2026-09-08T15:22:20.453463+00:00	on	255
2026-09-08T15:42:12Z	145.0	2026-09-08T15:22:20.453463+00:00	on	255
2026-09-08T15:42:42Z	145.0	2026-09-08T15:22:20.453463+00:00	on	255
2026-09-08T15:43:12Z	145.0	2026-09-08T15:22:20.453463+00:00	on	255
2026-09-08T15:43:42Z	145.0	2026-09-08T15:22:20.453463+00:00	on	255
2026-09-08T15:44:12Z	145.0	2026-09-08T15:22:20.453463+00:00	on	255
2026-09-08T15:44:42Z	145.0	2026-09-08T15:22:20.453463+00:00	on	255
2026-09-08T15:45:13Z	145.0	2026-09-08T15:22:20.453463+00:00	on	255
2026-09-08T15:45:43Z	145.0	2026-09-08T15:22:20.453463+00:00	on	255
2026-09-08T15:46:13Z	218.0	2026-09-08T15:45:43.481785+00:00	on	255
2026-09-08T15:46:43Z	218.0	2026-09-08T15:45:43.481785+00:00	on	255
2026-09-08T15:47:13Z	218.0	2026-09-08T15:45:43.481785+00:00	on	255
2026-09-08T15:47:43Z	218.0	2026-09-08T15:45:43.481785+00:00	on	255
2026-09-08T15:48:13Z	218.0	2026-09-08T15:45:43.481785+00:00	on	255
2026-09-08T15:48:43Z	218.0	2026-09-08T15:45:43.481785+00:00	off	0
2026-09-08T15:49:13Z	218.0	2026-09-08T15:45:43.481785+00:00	off	0
2026-09-08T15:49:43Z	218.0	2026-09-08T15:45:43.481785+00:00	off	0
2026-09-08T15:50:13Z	218.0	2026-09-08T15:45:43.481785+00:00	off	0
2026-09-08T15:50:43Z	218.0	2026-09-08T15:45:43.481785+00:00	off	0
2026-09-08T15:51:13Z	218.0	2026-09-08T15:45:43.481785+00:00	off	0
2026-09-08T15:51:43Z	218.0	2026-09-08T15:45:43.481785+00:00	off	0
2026-09-08T15:52:13Z	218.0	2026-09-08T15:45:43.481785+00:00	off	0
2026-09-08T15:52:44Z	218.0	2026-09-08T15:45:43.481785+00:00	off	0
2026-09-08T15:53:14Z	218.0	2026-09-08T15:45:43.481785+00:00	on	148
2026-09-08T15:53:44Z	218.0	2026-09-08T15:45:43.481785+00:00	on	148
2026-09-08T15:54:14Z	218.0	2026-09-08T15:45:43.481785+00:00	on	148
2026-09-08T15:54:44Z	218.0	2026-09-08T15:45:43.481785+00:00	on	148
2026-09-08T15:55:14Z	218.0	2026-09-08T15:45:43.481785+00:00	on	148
2026-09-08T15:55:44Z	218.0	2026-09-08T15:45:43.481785+00:00	on	148
2026-09-08T15:56:14Z	218.0	2026-09-08T15:45:43.481785+00:00	on	148
2026-09-08T15:56:44Z	218.0	2026-09-08T15:45:43.481785+00:00	on	148
2026-09-08T15:57:14Z	218.0	2026-09-08T15:45:43.481785+00:00	on	148
2026-09-08T15:57:44Z	218.0	2026-09-08T15:45:43.481785+00:00	on	148
2026-09-08T15:58:14Z	218.0	2026-09-08T15:45:43.481785+00:00	on	148
2026-09-08T15:58:44Z	218.0	2026-09-08T15:45:43.481785+00:00	on	148
2026-09-08T15:59:14Z	218.0	2026-09-08T15:45:43.481785+00:00	on	148
2026-09-08T15:59:44Z	218.0	2026-09-08T15:45:43.481785+00:00	on	148
2026-09-08T16:00:15Z	218.0	2026-09-08T15:45:43.481785+00:00	on	148
